"","01N","01R","04R","06N","06R","08N","08R","02N","02R","05N","05R","11N","11R","07N","07R","09N","09R","12N","12R","13N","13R","10N","14N","15N","15R","16N","16R","21N","21R","34N","34R","43N","43R","23N","23R","26N","26R","27N","27R"
"pyruvate",617927.2,434392.6,311987.7,211109.7,686993.5,276811.4,785271.6,506959,281300.8,168477.6,299392.8,240566.3,372152.2,402782.2,346637.3,375822.7,394866.8,464525.3,279853.3,312955.6,252702.6,534381.3,313901,294837.8,351423.2,877325,534884.2,219409.4,683268.4,229526.5,327826.8,261016,185355,446692.6,376388.4,348695.8,576514.8,447424.4,353285.5
"Alanine",3052180,4609436,1999488,3346519,2753043,3025446,3293444,4578934,2808431,2196135,3058001,2148821,3040551,3618046,2734780,2934117,3735602,3237181,2630960,2402814,3435689,2703803,2194810,1999339,2196763,2305314,2285483,2402776,1831526,1657496,1742324,2508785,1611271,2205491,2422749,2158570,2590856,2914133,2447303
"Lactate",84100000,9.4e+07,53300000,5.8e+07,86300000,64500000,1.02e+08,82900000,63900000,36800000,67500000,41600000,62900000,77100000,90900000,65800000,84400000,81800000,68700000,55600000,67200000,1.11e+08,75600000,75500000,1.08e+08,9.4e+07,1.05e+08,89200000,89600000,66500000,7.3e+07,66200000,70300000,92300000,91800000,89500000,1.22e+08,81500000,75600000
"Serine",1427889,2600092,1353723,1852113,1320256,1004180,1633538,1046345,939081.6,749861.2,1029561,1134909,797547.5,889887.3,1009901,727909.5,854165.2,2182559,1032840,1274182,2338297,893131.9,1220476,1385542,728401.7,1129315,1026495,884173.8,920233.3,946555.8,1450543,2324694,879264.2,1135874,1172592,846279.8,776390.2,1743692,1495069
"Glycerate",671315.6,592521.8,837980,618527.6,1023577,913911.8,860310.2,2663286,904376.7,1399690,756288.1,1636651,1844799,1399792,988305,1069960,1759606,1201110,925521.7,1093306,820980.8,643956.8,497217.3,407629.2,526289.5,568834.6,716562.5,361060.2,318976.8,402544.9,604605.9,383145.9,308169.9,461822.7,624806,417156.2,597487.6,490132,410264.9
"Cytosine",5996.355,6506.49,6422.615,4845.815,8263.39,6763.141,2109.031,6952.795,4725.02,5685.366,9819.439,12394.66,9380.562,3062.916,6083.51,5189.044,6806.088,2036.022,5621.064,10807.53,4527.192,6406.715,6717.507,3020.507,5211.985,13619.47,3700.253,6373.182,12008.14,3149.896,8099.356,5517.406,4568.34,9099.858,3995.829,8189.01,3292.157,3251.43,10812.01
"Proline..L.proline.",952598.9,1288513,948870.6,1571925,1279338,1390640,1280445,1423444,916676.5,933490.2,1090091,882934,987442.1,949330.1,1057256,1256183,1243153,1419076,972218.8,1347562,1349108,954363.4,1173154,722208.4,906214.1,849697.6,751382.5,1228626,1038004,626326.3,878668.7,1223826,590085.2,938816.9,725519.1,719544.2,701286.8,1215935,1124739
"Fumarate",12400000,9061623,2e+07,13100000,14800000,1.2e+07,10100000,17500000,15200000,8793755,12900000,12800000,1.3e+07,15800000,12800000,17100000,13500000,15100000,17200000,1.8e+07,22600000,1.2e+07,15400000,13300000,10700000,10500000,14100000,14800000,8635962,8207170,12200000,15700000,13200000,1e+07,9152132,12300000,11100000,1.5e+07,15400000
"KIVA",135235.3,173402.8,190787.9,171387.9,144868.5,154876.5,260679.2,154785.9,212050.4,284890.5,210997.6,239744.6,166202.7,159746.1,170273.1,163690.7,208351.4,190171.2,157526.8,142251.6,151594,163147.3,274532.9,165397.6,144647.1,223918.1,175623.2,179087.2,200470.6,177432.2,190060,167435.4,195974.6,149069.8,183342.9,140555.9,142607.8,183878.7,148394.7
"Valine",5371118,6779046,5300788,6872506,6389604,4991655,6462992,7762168,3549861,4242158,4062376,5038803,4889596,5218226,4768794,4517834,5815380,8546889,4403700,7088170,9235940,5896804,5471936,4184285,5617152,6041230,4296688,6098084,5858986,4088644,5906368,5864742,3731264,6031898,4207196,4467642,4334346,6073268,5405546
"Succinate",1.55e+08,1.38e+08,1.18e+08,1.2e+08,1.35e+08,1.3e+08,1.39e+08,1.15e+08,1.36e+08,9.4e+07,1.1e+08,74700000,89100000,1.41e+08,1.26e+08,1.47e+08,1.4e+08,1.35e+08,1.34e+08,88500000,1.39e+08,1.26e+08,1.06e+08,1.03e+08,1.49e+08,1.07e+08,1.1e+08,1.32e+08,1.39e+08,85200000,1.08e+08,96100000,1.01e+08,1.16e+08,1.18e+08,1.32e+08,1.26e+08,1.09e+08,9.4e+07
"Threonine",1300859,3750616,949105.3,1390039,1176327,1037472,1846381,983724.3,964438.7,1221615,1182807,1368376,793075.2,1007394,1287428,891712,924378.8,2162545,922209.2,1324480,1855674,1123966,991937.1,1184022,935796.8,1377491,1254722,886649.2,1170805,912799.4,1054306,2252048,684132.4,1183860,1130065,662672.2,948199,1613117,1376257
"Cysteine",14769.59,5632.543,5372.581,14935.4,14933.99,6177.814,36331.45,6267.858,6991.806,22114.96,20268.35,8701.829,7008.234,7348.909,25802.09,5832.879,9531.888,5162.188,4828.571,9736.337,6436.725,10015.17,20406.3,12171.7,26187.95,31229.48,24507.46,20614.88,71693.56,25632.65,37641.46,23474.74,53557.8,24416.33,13996.82,18480.88,26842.03,28394.61,55080.29
"Benzoic.acid",1121199,1164867,1091346,1090786,1213300,1064753,1123813,1181144,1238150,1233399,1246258,1330564,1257675,1229534,1180306,1251826,1508541,1215363,1254414,1202464,1237027,1170009,1204258,1226217,1210954,1244260,1188536,1116480,1112069,1118410,1092705,1167951,1153394,1150143,1097321,1106624,1161249,1210652,1086998
"nicotinamide",214831.6,195743.3,260762.9,286019.5,168828,233889.1,269650.2,300195.8,224713.7,227480.5,327619.5,271998.6,239007.8,232344.6,232057.4,176938.3,227113.2,272369.1,188007.6,219829.3,232058.2,154441.4,164000.1,201445,187990.4,230107.6,231199.3,134071.2,153000.8,199976.9,218065.3,213029.7,193175.4,220640.7,186458.5,203879.2,186340.5,219994.2,201381.7
"Adenosine.5.phosphosulfate",143761.7,177962.2,140519.1,156545.2,165361.2,109572.9,203027.3,188034.3,130301.7,150244.9,123444.9,135921,159104.3,131872.4,160653.4,127550.9,286337.8,179664.4,194785.6,159735.2,187371,159458.9,141497.3,161273.4,564994.4,238685.1,205198.9,146756.8,255695.2,177122.9,146620.7,157213,128671.5,135536.9,197390.4,186414.3,281388.8,162656.3,147009.3
"X3..3.Hydroxyphenyl.propanoic.acid",161521,194328.6,153865.7,181254,162869,158698.8,171619.6,186723.4,174115,173419.6,190700,216520.9,184149,159856.5,178014.6,165848.7,162699.7,183588,197778.2,179750.1,158635.7,161221.8,165500.9,182189.9,179096.7,178275.3,154580.4,169504.9,154433.5,177933.4,162910.5,193916.2,167299,162628,184683,195171.7,190169.2,174250.5,180910.4
"X3.indoxyl.sulfate",11671.7,11110.17,10034.31,9550.682,10887.54,22642.68,17432.32,8375.108,10816.73,23851.48,13215.93,15510.56,23447.42,24137.06,12637.84,11389.4,19692.31,11843.06,11434.11,27597.56,9153.971,17969.49,19957.02,23329.54,20893.46,28073.53,7149.786,27066.35,8951.266,21165.32,26003.78,21851.85,8443.029,30045.42,11333.55,12329.11,12046.68,11641.56,17169.59
"X3..hexanoyl.ADP.ribose..second.hump.",522115.2,593160.2,746020.3,797320.5,559848.8,1112119,366407.2,703529.9,1603544,821074.9,1150621,782074.7,458752.3,1142329,941791.4,2219448,1445013,1076334,377750.8,451969.4,1095825,261347.1,386470.5,663954.9,112684.2,124538.6,153277.8,285950.4,138025.5,167894.2,191585.2,383113.6,407393.4,293308.8,283651.5,212035.5,160069,232318.3,627366.6
"ADP.D.glucose",233031.3,551361.4,250703.7,218117,352779.2,272214.4,327411.3,1722772,414257.8,319157.3,328753.8,366217.8,928968.7,447534.1,423717.9,262007.4,564190.1,402530.1,340077.9,624690.1,393948.1,253456.7,218596.3,262556.2,300232,394099.5,304227.5,332977,281690.2,226328.5,452504.5,546799.2,302987.8,203834.4,313691.8,582384.9,229749.1,278812.5,233509.8
"X3..4.hydroxyphenyl.lactate..3.4.Dihydroxyhydrocinnamic.acid.",15900000,17700000,15100000,1.8e+07,20500000,13400000,19800000,16300000,10400000,10200000,11300000,12200000,15200000,13900000,14500000,11400000,15600000,22100000,13400000,1.9e+07,19600000,17500000,1.6e+07,12700000,16600000,16900000,12700000,16300000,17500000,11400000,19200000,16800000,1.1e+07,17500000,12700000,1.3e+07,12700000,18400000,16800000
"X3.Hydroxybenzoic.acid",38500000,42300000,38500000,58100000,42100000,33300000,44800000,37600000,25100000,26600000,30600000,29900000,35500000,34900000,34200000,27100000,42200000,54400000,31600000,43600000,48200000,40800000,35100000,32200000,37200000,40300000,29400000,34400000,40200000,27700000,40800000,39500000,27500000,40200000,30600000,29100000,30800000,40800000,39800000
"X4.vinylphenol.sulfate",843117.7,1691518,672073.4,890860.5,798963.2,712980.7,1103725,1115438,670790.5,455541.7,854965.4,553315.1,932088.3,786128.3,1148979,645077.2,979941.8,1089452,683972.4,957321.5,929806,1107205,915882.5,883711.9,865414.7,1168960,871906.9,838099.5,830394,638625.2,872475.8,1391156,620558.2,985925.9,731334.8,698454.9,1030021,1127561,1040960
"Adenosine",479215.2,570725.9,526785.6,517844.4,530755.3,553108.8,626352.4,903169.5,375502,584764.8,498731.4,359529.3,662064.1,642778.5,779184.4,435998.6,721074.1,1427462,742960.2,1079784,1501500,597705.7,505653.3,497653.4,848203.3,685380.9,655044.3,703938.3,772902,309467.1,891152.2,422125.3,368711.6,444998.6,523634.5,950493.5,528058.9,529131,579573.5
"X4.hydroxyphenylpyruvate",14300000,12100000,27800000,19500000,13300000,15300000,11600000,14900000,14200000,9113611,1.7e+07,14600000,12500000,1.1e+07,13700000,14700000,1.1e+07,12700000,16500000,19800000,17500000,14200000,15100000,16100000,10700000,11700000,13100000,14800000,11100000,9575643,11600000,14800000,11700000,10200000,12100000,16800000,14700000,15200000,15800000
"X5.Hydroxytryptophan",1.1e+08,82200000,1.73e+08,1.15e+08,1.37e+08,1.06e+08,91400000,1.56e+08,1.33e+08,77700000,1.15e+08,1.15e+08,1.17e+08,1.41e+08,1.14e+08,1.56e+08,1.2e+08,1.35e+08,1.57e+08,1.62e+08,2.03e+08,1.05e+08,1.37e+08,1.2e+08,99400000,91600000,1.25e+08,1.3e+08,79500000,71800000,1.09e+08,1.35e+08,1.19e+08,8.7e+07,86300000,1.07e+08,97600000,1.3e+08,1.36e+08
"Acetoacetyl.CoA",4155286,3539320,3463803,4055715,3597481,4298410,3897179,5667530,4411852,3598172,3025284,4573018,3722547,3996975,3081134,6475384,5123160,4551368,2472466,3243322,3821610,3628204,3482909,2520656,3040579,2940817,3436894,2503971,2518710,1827452,3603139,2173790,2022190,3154254,2380397,3120064,2195286,2745585,2549093
"Acetyl.phosphate",2330708,2033791,2219374,2098439,2268958,2083991,2061981,2865380,3076278,2884666,2812730,2992027,3002975,2166863,2042868,1971577,2271556,2088926,2049950,1906592,1812143,3214651,3098504,3501467,3005594,3122928,3108189,1531714,1471571,1403170,1493135,1474174,1379370,2295881,2355704,2389908,2397055,2182558,2393422
"Alpha.N.Phenylacetyl.L.glutamine",170341,296325.1,234165.5,219238.2,194995.4,177108,228121.8,403392.5,364658.1,303950,342921.4,417196,315170.6,271741.4,264869.9,186283.4,252826.1,331619.6,215965.4,215922,432572.8,245218.7,272027,292981.7,204205.2,252707.3,240253.8,194541.1,171017.4,243361.1,252132.3,237812.9,214107.8,214661.2,271056.5,240885.1,252563.4,240997.1,268202.2
"alpha.ketoglutarate",24835.2,32044.91,22201.81,22046.36,43374.18,21580,39699.56,36046.23,23487.21,23072.58,20145.48,26607.51,34321.32,40849.73,34845.5,27256.98,37476.83,22708.67,22768.76,22128.72,16733.76,45300.17,43317.94,23375.4,29387.65,38170.75,42845.87,28838.58,24606.62,31528.04,27804.04,29419.23,22451.83,27897.14,37001.16,10994.53,36676.36,35964.41,20066.44
"Aspartic.acid",614858.3,438600.1,346519.9,300286.3,348764.7,543459.6,219461.2,677730.2,526467,543134.2,289279.5,454227.9,687353.4,437792,204253.8,388240.7,300917.9,539380.2,504397.6,594062.3,332767.7,362329.3,317021.1,251931.8,617304.8,486244.2,566692.8,182374.4,231741.5,268515.2,298855.3,264762,298468.1,404378.2,433209.4,429234.6,531319.4,431379.8,386121.7
"dAMP",44800000,69600000,35700000,37400000,47900000,33200000,5.8e+07,21500000,3.5e+07,24100000,31500000,31600000,37100000,41800000,64100000,36500000,46600000,55300000,37800000,31900000,26100000,37600000,38100000,54500000,36500000,48400000,49300000,27300000,33900000,43200000,41900000,61600000,41500000,46900000,52600000,26600000,53600000,4.2e+07,5.3e+07
"Cinnamoylglycine",1405947,1710926,1671812,1505280,1681947,1165142,1954089,1493030,1117112,744719.3,1315159,723421.8,1261304,1363454,1762187,1265474,1901072,2138098,1185888,1587664,2486810,2153516,1553074,1431318,1394039,1580580,1034808,1573315,1764961,910617.8,1422057,1195537,932744.5,1466550,954414,1710285,1407146,1214706,1451455
"Arginine",48300000,4.2e+07,50600000,44100000,37800000,55700000,34200000,45200000,55800000,55200000,54100000,50400000,49700000,46900000,47200000,51700000,47600000,73100000,64100000,6.9e+07,61600000,34200000,31600000,3.7e+07,52300000,49800000,41700000,32300000,30600000,27500000,43100000,3.6e+07,31700000,32900000,41700000,46600000,41300000,35100000,37500000
"Creatine",5823754,9861184,5328598,4769110,3732698,8603375,5738430,11500000,5127126,4333956,5709856,5158730,5116284,7693876,6205982,7751744,6643422,12600000,8642879,6815378,7386786,2039932,2389218,5081602,920670.2,2034180,2389560,2641441,2091306,4274048,2755049,4095289,2712074,2048894,3498949,2276842,2621178,3428762,3035976
"X3.phenylpropionate",185680.9,186530.7,183860.8,182085,160756.9,174873.8,189371.6,165429.8,182330.8,159583,162139.7,190605.1,179560.9,193818.1,187287.8,172759.6,174269.9,185778.8,210967.2,166199.7,184010.4,173849.2,170057.3,177501,169970.4,168519.5,183944.4,170601.6,162897.5,168330.8,165054.4,140303.1,167713.5,153835.6,182530.6,176967.1,164904.6,166531.7,157071.2
"Deoxyguanosine",79587.81,98747.12,116486.8,156218,79658.88,132183.6,96099.34,98399.88,99189.65,92175,122154.6,84628.69,72847.15,56079.5,52562.56,108910.4,80409.74,82015.19,48397.8,65702.13,82708.95,92958.07,87805.84,77081.68,61399.19,83339.83,61836.61,78948.38,70099.49,53148.47,97582.55,90535.16,60150.99,92112.19,47366.86,55964.01,48477.16,84479.58,115231.3
"Guanine",79587.81,98747.12,116486.8,156218,79658.88,132183.6,96099.34,98399.88,99189.65,92175,122154.6,84628.69,72847.15,56079.5,52562.56,108910.4,80409.74,82015.19,48397.8,65702.13,82708.95,92958.07,87805.84,77081.68,61399.19,83339.83,61836.61,78948.38,70099.49,53148.47,97582.55,90535.16,60150.99,92112.19,47366.86,55964.01,48477.16,84479.58,115231.3
"X3.Hydroxyanthranilic.acid",441217.7,763882.8,253608,248526.6,139889.8,552002.8,718867.1,710877.2,819977.3,847302.7,565449.8,241043,287245.6,732553.8,675334.9,779447.8,794365.1,726767.9,523192.7,773407.9,838551.3,690793.4,521987.4,357840.6,448484.8,413989.8,648118,506563.9,363894.1,244013.4,493095.5,415803.3,461597.9,590719.8,358469.1,422994.6,345779.5,452870.8,445548.2
"ATP",29380.78,15882.96,8699.392,22870.48,16763.45,17477.84,8837.567,36229.86,20851.19,20668.3,19130.84,27560.87,19855.04,43492.22,18039.02,43553.81,25066.38,40134.09,43231.22,29669.4,62561.11,23428.6,7598.374,5813.879,26294.79,13358.76,7801.732,9983.881,10085.14,15227.71,20456.15,7548.681,7718.857,15832.69,6421.75,22784.35,17065.58,4391.935,7392.424
"CMP",11200000,7919048,11900000,8798163,9970027,7006520,8768513,6380350,7128984,5783578,7562390,6647520,6866090,5223564,8637163,5732842,8807317,12800000,7894402,8666357,9422540,8682729,8620759,9387889,8161220,8475651,7513530,7669554,9314541,5902000,9163385,7670558,7512586,8304566,7736996,9739475,9287331,7613462,9989732
"Histidine",11200000,7919048,11900000,8798163,9970027,7006520,8768513,6380350,7128984,5783578,7562390,6647520,6866090,5223564,8637163,5732842,8807317,12800000,7894402,8666357,9422540,8682729,8620759,9387889,8161220,8475651,7513530,7669554,9314541,5902000,9163385,7670558,7512586,8304566,7736996,9739475,9287331,7613462,9989732
"Phenylalanine",16400000,14600000,16500000,15900000,18300000,15100000,17700000,15500000,10800000,7782730,10700000,10800000,11700000,11600000,12400000,14300000,14300000,19200000,10200000,1.5e+07,17800000,16400000,1.4e+07,10900000,16300000,14700000,13400000,14200000,16300000,9434941,16200000,13300000,11100000,17200000,10100000,14900000,11400000,15200000,15800000
"phenyllactate..PLA.",73948.13,72150.78,87680.52,75168.82,89487.82,74962.41,75212.7,67702.57,72987.31,68774.02,69591.86,79476.46,70367.49,97269.09,108234.4,95596.96,97260.02,103117,107537.4,182775.4,96924.62,62420.81,67264.38,79015.88,60349.03,58180.45,64722.2,66063.56,63932.66,59885.71,66426.86,61090.45,61057.11,78694.12,87770.04,75195.3,89871.8,79391.11,75992.79
"Quinolinate",83182.87,78044.71,37981.22,91958.1,61924.77,94159.5,136071.1,78331.9,53518.77,50554.39,47638.42,94251.73,26188.4,50321.06,62134.38,111332.3,87539.72,61581.23,33971.86,42048.61,232234,113910,169905,63288.99,37758.11,83534.37,161841.6,93310.43,36740.07,55507.43,70579.63,102111.7,45833.66,87107.71,95575.94,23105.59,63695.46,160810.9,79656.84
"Phosphoenolpyruvate",1507691,1826892,1122382,1060660,2690879,1400014,2526237,2934803,1487724,1555424,1324047,2041085,2025327,3279270,2258045,2328740,2560817,1899971,1891222,1552212,1303605,3734985,2934479,1646678,2368743,2715504,3720075,1917145,1685313,1891421,2138582,1318777,1267058,1945303,2112838,784813.5,2285908,2270950,1083090
"X3.Methylhistidine",164549.1,124237.2,145903.6,101733.4,130411.1,108492.1,99202.59,248914.4,175581.5,132121.7,199972.5,126059.6,147817.3,194988.8,189582.2,174199.4,201154,260897.6,210899.9,173911,245981.6,117108,134628,101583.5,156596.6,130422.9,101980.2,154980,145452.4,70325.29,161872.6,104016.5,110250.1,108854.1,104158.5,244524.4,92449.03,48971.64,113278.9
"Dihydroxyacetone.phosphate",612736.5,614996.5,418875.2,634185.3,830069.2,375887.4,794528.5,507919.4,522917.8,252826.6,348802.2,472886.8,526900.4,455156.8,480589.1,624235.7,751311.3,593250.1,232039.8,241618.3,352705.2,1418008,926519.5,656297,1229452,1318407,2291152,548382.5,721373,994906.8,666368.7,558273,500709.8,462305.2,711940.3,337120.8,749294.8,1011300,347862.8
"Glycerol.3.phosphate",1.75e+08,1.08e+08,1.37e+08,1.27e+08,1.57e+08,1.47e+08,1.33e+08,1.04e+08,1.34e+08,9.3e+07,1.24e+08,1.12e+08,1.22e+08,1.29e+08,1.46e+08,1.41e+08,1.56e+08,1.59e+08,1.22e+08,1.23e+08,1.44e+08,1.25e+08,1.26e+08,1.36e+08,1.17e+08,1.02e+08,1.13e+08,1.16e+08,1.13e+08,1.03e+08,1.26e+08,1.2e+08,1.23e+08,1.62e+08,1.52e+08,1.78e+08,1.26e+08,1.29e+08,1.53e+08
"cis.Aconitate",14700000,4124745,15400000,11700000,17300000,2129294,9587589,995266.9,8246226,8098960,9643151,6479984,9249316,5344446,8636589,681741.6,8468779,4170783,7816234,8561640,5715270,1.6e+07,13900000,9615131,19100000,13400000,13400000,13200000,15800000,9293803,11900000,8669995,13300000,12600000,11100000,14300000,14800000,10900000,9513377
"Shikimate",48475.17,74836.95,39063.69,36826.32,34504.9,59239.83,50152.7,121564.4,31905.02,34228.09,43876.26,32241.05,40011.65,57236.43,53136.5,96893.81,54051.56,146957.9,66420.19,51186.89,64780.36,23100.79,23517.02,34007.94,25887.53,28990.93,29690.58,31223.98,23564.1,24750.19,25356.63,36214.79,27192.68,27869.43,25710.33,19611.3,27322.84,30490.62,23630.12
"Citrulline",112559.8,156716.4,54877.67,69503.26,95205.72,126519,162188.2,230315.8,107767.3,80208.4,44246.8,145364.4,31821.42,121462,172089,151063,100116.8,182865.7,121084,152231.2,492099.4,73107.91,112419.1,49898.54,83519.09,116218.1,111049.3,47390.72,94512.02,79919.02,138521,209467.6,67397.16,81677.41,63196.38,33112.95,29176.91,109836.4,114689.1
"Serotonin",27020.88,2735.788,70954.13,41145.55,5592.998,36436.2854,28915.1,36436.2854,16224.75,19275.07,41049.59,4499.765,28638.97,6002.466,28064.62,36436.2854,26724.8,36436.2854,17577.72,22677.42,9899.562,73358.9,42673.62,39916.64,49292.44,75552.72,56865.36,36183.69,40977.98,27656.97,35279.62,21406.9,38541.11,45458.92,56386.26,86770.34,94852.16,30237.88,26859.3
"Gluconolactone",1655393,2105143,2127236,2171606,1305890,2649011,1763593,1960418,2462964,1916414,2400636,1577896,1407283,1589090,1577204,2067488,2302332,1784669,1260978,1164206,1970828,1852877,1652367,1662298,1118374,1213241,1434349,1534758,1088851,941314.8,961889.7,1148508,1331646,1562317,1463677,1188426,1425764,1322928,1341989
"Hippuric.acid",87301.28,48782.11,218807.4,103820.3,112459.3,97030.04,79746.68,171312.2,89784.18,64843.34,52088.28,134778.4,71650.29,93755.12,111810.1,159521.1,99937.07,156538,34034.36,56118.81,317688.5,120848.1,355239.2,70097.97,96550.34,100393.4,114036,126523.3,81244.78,69787.34,247215.1,91034.93,72960.18,101560.3,60085.74,231558.4,120798.4,81810.21,116257.7
"Myo.inositol",14100000,23200000,8726101,7905766,1.5e+07,8130912,18200000,11100000,12900000,7565326,10100000,8168294,12700000,12800000,17400000,8499595,17300000,9210336,9387440,6909166,7568240,17400000,10300000,16900000,14700000,15300000,17300000,13300000,12700000,14200000,13300000,17700000,12300000,15600000,15800000,13900000,17700000,14500000,14900000
"Tyrosine",1.2e+07,10700000,11600000,1.3e+07,13400000,9837077,12300000,11100000,6142192,5383920,7464472,7480242,10100000,7449360,7400222,7108870,8142076,10100000,5645686,9902273,11400000,11200000,9962443,7379820,9618342,10300000,8085514,11100000,10800000,6498142,10200000,9654652,7792982,10500000,7262804,10600000,8557691,11800000,11600000
"X3.4.Dihydroxyhydrocinnamic.acid",1591835,1431296,937792.9,979496,2394767,928790.3,2350307,1654363,562521.2,373044.2,463485.8,486894.8,812371.5,619518.4,968522.7,883269.8,1083940,1046415,360219.3,763822.6,1094808,2890670,1168492,1106641,3585207,2280310,3207077,2387790,2717665,1133706,1645057,989795.7,1433823,2354718,1384610,2573318,2825141,1614697,1322632
"Kynurenate",43093.36,72924.48,67159.34,212568.9,129157.9,91766.57,82069.79,88133.09,164115.4,102312.5,32333.32,159601.2,40970.94,41140.86,47543.29,38095.71,35529.57,153516.7,55594.72,111500,111691.4,120893.2,46295.68,84021.16,178969.4,86208.93,30003.92,14585.19,144508,218109.2,75271.68,54890.36,163840,4880.148,124407.8,115272,120776.4,97983.56,41902.23
"N.Acetylglutamate",1.4e+07,9598760,10800000,9779641,12400000,8696361,6823480,13200000,11800000,13500000,8496295,9900263,8115382,13400000,12400000,11900000,20600000,22900000,24400000,21600000,31700000,7478608,7203520,6379756,8412833,7685366,7035022,9315547,8020146,5430671,8096696,6031548,7957934,7635438,8514623,12900000,5430702,8903685,7851430
"indolepropionate",34564.81,27795.46,35979.75,26362.61,33860.21,22898.08,15752.32,8282.007,10678.44,15665.24,14971.62,20666.23,11317.62,21319.85,30201.34,23349.03,23207.89,38895.11,30591.93,14680.97,27232.6,24645.34,28900.22,20369.27,22904.43,14568.6,20267.23,23603.69,23706.86,20642.84,22315.83,23158.64,27119.47,23549.01,17309.07,12216.17,23696.21,21134.09,29521.79
"X5.Hydroxyindoleacetic.acid..5.HIAA.",260152.7,176179.7,240370.1,205146.5,359405.8,151400.1,188275.5,249413.8,86994.72,21496.1,324963.6,110015.3,123921.8,63468.04,217201.1,139360.6,192121.2,179061.9,158596.6,184401.2,158117.3,280146.5,215131.5,115159.8,374795.1,220157.6,125013.5,367558,221296.3,239744.9,351467.5,109727.1,185227.2,298136.4,249681.6,282274.7,285997.8,344766.8,256112.9
"Citrate",16500000,7406902,19500000,8889429,29300000,12400000,10500000,2e+07,11100000,7772442,24400000,8372288,9725579,7138068,10300000,9120909,6688310,13400000,18600000,32900000,14200000,9147973,9267329,13900000,11200000,15500000,10700000,10800000,10800000,6419674,28800000,21400000,14700000,7183456,9762085,26400000,8478982,22400000,1.4e+07
"Gluconate",1.21e+08,1.52e+08,1.58e+08,1.51e+08,1.01e+08,1.93e+08,1.23e+08,1.37e+08,1.79e+08,1.51e+08,1.84e+08,1.16e+08,1.04e+08,1.16e+08,1.22e+08,1.51e+08,1.59e+08,1.3e+08,1.03e+08,91100000,1.45e+08,1.26e+08,1.17e+08,1.25e+08,79500000,85900000,98500000,1.06e+08,77700000,70700000,72200000,86800000,98400000,1.13e+08,1.07e+08,85400000,99600000,98100000,96500000
"Acetylcarnitine",640826.8,923832.2,272276.5,348320.2,695795.2,346867.5,1163115,649467.4,271272.4,157297.1,267577.8,206303.5,376615.5,401356.8,623609.6,340845.2,660982.4,568258.2,265782.4,302742,502569.1,1366985,497268.8,348569.9,816764.8,688814.6,662709.6,730872,809528.6,315486.9,419603,419577.9,384965.1,903760.1,419516,470348,677593.4,641638,554025.2
"Tryptophan",3110622,1731166,2779175,2807133,3451096,2554269,2680256,1714089,1463363,1217614,1486424,1713788,1581910,1448435,1754388,1935884,2093095,2109820,1376532,1778985,2689949,2492524,2686293,1619752,2922910,2065848,2138407,2664716,3107918,1190978,2702444,1809999,1887361,2646642,1714363,2376526,2126653,2469496,2907711
"Xanthurenate",94300.57,8960.553,184163.7,84344.01,119404.2,71493.2,2429.38,10680.18,127979.7,62439.39,155212.5,26015.2,50419.05,25981.12,105829.4,37095.98,56692.56,30150.84,33264.14,260773.4,134468.3,13926.1,8631.555,12386.66,19832.21,2461.252,2852.435,7741.876,3106.757,2678.18,10273.77,6466.542,22906.95,197204.9,56761.14,565748.2,88847.12,5622.319,337071.7
"indolelactate",219999.8,165676,149348.6,132820,217931.8,176996.2,292291.4,133408.9,71924.02,109205.3,67251.53,129548.2,61103.89,149588,139509.1,126290.2,187080.1,115201.4,96277.5,56452.95,180933,302131.2,123896.9,149792.8,305376.9,211476.1,301601.7,256308.4,279194,180166.8,284117.2,143751.6,217006,304203,232112.8,211626.9,294322.9,236762.6,167028.5
"Lipoic.Acid..R.",3154934,2654794,4104050,2954664,3486751,3352515,3734951,1489394,2590814,2299597,2630551,2197368,1983665,1714699,3602190,2902848,3348231,2146030,2597219,1479124,1548126,3770540,3999126,3334773,2927372,3551714,3315599,2281906,3376672,3046699,4757440,3300273,3776588,4183890,2942586,1731454,2152326,3354835,3999008
"Phenylpropionylglycine",748715.2,406541.8,610449.3,312647.4,729154.8,173816,368331,331590,169034.8,123892.5,209300.7,259338.5,616184.7,395150.8,512406.3,237153.5,254473.9,698407.6,410443.5,452714.2,804853.5,575367.4,378082.7,432409.9,478192.4,417900.7,329123,499835.5,545574.7,293168.3,548024.2,491284.7,433927.9,591081.1,398246.9,535652.8,332553,456553,495900.9
"Dihydrolipoate..R.",1145823,277574,954790.3,723567.9,1426240,289070.5,457423.6,204245.9,575025,380626.2,495419.7,1071027,608229.2,326115.8,187466.2,184711.4,140997.3,417957.6,411998.4,534330.2,690098.6,131245.5,237223.1,449346.9,341282.2,444046,370328.2,336057.2,291612.9,421535.9,487353,616867.8,884149.5,413897.5,461248.7,503946.8,485728,705587.9,673898.7
"Indoxyl.sulfate",1110314,1057037,868152.5,1006316,525305.1,889930,538190.5,544107.9,433532.1,462584.7,437399.1,995085.2,575922.5,375342.5,406475.4,628594.2,530649.1,1056698,649454.8,330361.9,1262607,561289.1,841028.8,299201.5,406448.8,656595.4,452913.3,764341.2,468076.2,721073.4,1339675,698857.5,350723.6,1468569,1201769,562502,658142.8,458245.8,452810.5
"X3.Hydroxykynurenine",121026.6,39708.73,170888.3,121081.5,123830.2,78742.96,114653.6,132408.5,74377.59,48881.39,90432.5,71679.72,93482.29,90178.84,68882.14,94052.6,149359.2,111133,47635.36,105783.5,115708.3,144924,96694.57,63211.11,93314.47,85817.22,72332.17,117930.5,99893.82,47410.66,122795.8,53462.97,71235.25,98691.03,58896.47,101886.6,82134.71,91925.34,96898.16
"Inosine.triphosphate",11300000,5002326,12700000,12700000,15400000,13900000,4444788,12400000,11700000,7218068,8878723,18900000,9601149,8641483,5915588,1.2e+07,12600000,9380596,3685701,5847976,5685762,1013916,797290.4,4368136,1109519,2099674,1351946,1379950,2060709,4559810,3635874,4165709,2001306,1129800,4781230,3143825,1459569,2966427,6128526
"KMVA",17400000,5699492,15700000,17700000,13900000,17500000,10200000,13300000,17600000,7507510,12400000,21700000,10400000,1.1e+07,1.1e+07,13500000,19600000,11300000,5746990,9373879,12200000,1836822,2248596,9881040,1237300,4589096,2482157,4198792,3823753,9153503,11400000,11700000,9748629,3601687,13100000,1.1e+07,2544561,12300000,16800000
"Xylulose.5.phosphate",5372912,9261448,2550302,3473079,2970118,3351630,18300000,2263747,3149816,1435984,2580988,3383257,1953324,1915038,3615266,2361689,3337084,1597082,686198.1,1331178,1403610,21900000,2.4e+07,11100000,16300000,15200000,2.4e+07,16400000,12500000,6312050,13900000,7683728,15300000,25800000,8937613,14900000,20100000,11100000,4653090
"NADPH",3.2e+07,61200000,19700000,19100000,9355049,43600000,53500000,54100000,5.9e+07,66400000,4.2e+07,17400000,23300000,50700000,47900000,66900000,57400000,53500000,41300000,57800000,61900000,54600000,38600000,28800000,33100000,32500000,49300000,34200000,27500000,18800000,37400000,32800000,32700000,4.6e+07,27100000,31100000,27700000,34100000,29600000
"Riboflavin",753524.1,599200.2,821675.1,923796.5,709622.7,818422.9,789539.5,594744.2,699992.9,582178.2,671688.1,782965.8,725068.8,747282.7,640505.8,759821.2,831574.3,818775.3,726438.5,720729,870160.2,741272.2,827383.4,604414.9,713399.8,641260.8,830694.2,828383.8,780521.7,570365.8,758040.8,729199.9,837290.8,815894.2,654890.5,835203.8,690155.2,790470.7,764138.9
"p.cresol.glucuronide.",3599456,4746484,2528007,2662430,4035971,3833406,3289193,5908852,5525680,3393631,3201814,3176548,4155205,5229700,6268586,3788299,10900000,3964155,4136494,3422942,3025385,11600000,5606698,4717736,9908633,8258478,11500000,5936378,6175932,6096170,8410382,4285070,4131367,6662398,7727738,5396086,5783366,7448972,4084599
"O.succinyl.ADP.ribose",1754306,993603.3,2846976,1659550,779008.8,2439081,2404598,1872074,3323401,2801119,3212615,1510267,1124502,7588942,8546985,2900429,5571946,4200936,7707796,6256596,4977130,4652054,3603493,2159259,3442664,3459266,4460886,4364502,878782.8,3208368,4578464,4421590,4499890,4696782,6259470,5777776,2973730,5050585,5101000
"NAD.",2417469,1291316,1944076,1889269,1873768,1866545,1611202,3555551,2103252,2146454,1831838,2486915,2140860,2010537,1703067,2495010,2855463,2742827,1515680,2129695,2281877,1160264,1408716,1346035,1434389,1299290,1331275,1071191,1249234,1158912,2102699,1148287,1453487,1499315,1943972,2062491,1891754,1276550,1329569
"NADP.",1040243,434703.5,1085872,656448.3,451244,814114,375824.7,418071.8,256642,204512.5,208623.2,611194.2,404363.9,323988,95697.44,210056.2,205921.1,129259.8,90982.59,112657.4,102600.9,291951.8,882010.6,625971.1,221530.5,322320.8,302360.6,875667.8,332375,417406.1,706276.8,1011999,287242.2,928385.6,451447.4,517386.3,523392.4,377664.9,866475.7
"Phenol.sulphate",19800000,9047237,11900000,12500000,17600000,9966235,12800000,10500000,17400000,9831628,8104656,9088620,14700000,16700000,17200000,17200000,20600000,13200000,14100000,10200000,11500000,11900000,13200000,18300000,21900000,20500000,13900000,17600000,18400000,1.4e+07,20700000,15900000,11600000,1.7e+07,16200000,2.2e+07,18600000,14900000,1.8e+07
"O.myristoyl.ADP.ribose",1.81e+08,86100000,1.77e+08,1.47e+08,2.11e+08,9e+07,1.16e+08,20400000,1.22e+08,81200000,1.41e+08,99200000,58400000,1.04e+08,1.79e+08,41400000,1.22e+08,76300000,1.27e+08,1.06e+08,1.18e+08,1.74e+08,1.63e+08,1.91e+08,2.69e+08,1.85e+08,2.1e+08,1.96e+08,2.09e+08,1.5e+08,2.13e+08,1.71e+08,1.88e+08,1.63e+08,1.79e+08,2.53e+08,2.45e+08,1.76e+08,2.03e+08
"Ribose.5.phosphate",125605.7,255464.8,119096.1,102764.3,265439.3,171026.3,912328.1,263962,157354.1,154762.9,149185,132465.4,232496.9,636059.9,4011272,216301.8,885014.6,898396.3,656324.8,670324.7,413774.2,14200000,4515640,1029194,3850074,7922244,15100000,1462492,5264980,958356.3,2495574,515723.5,223917.1,1461926,1308389,384570.3,1403756,2960027,230911.4
"Propionyl.CoA",3.2e+08,2.36e+08,3.34e+08,2.94e+08,2.65e+08,2.97e+08,1.91e+08,2.32e+08,2.46e+08,2.37e+08,3.01e+08,2.43e+08,2.61e+08,2.54e+08,2.73e+08,2.16e+08,2.26e+08,3.06e+08,2.6e+08,2.56e+08,2.41e+08,2.15e+08,2.28e+08,2.83e+08,2.8e+08,2.25e+08,2.25e+08,2.46e+08,2.44e+08,2.31e+08,2.6e+08,2.44e+08,2.61e+08,2.42e+08,2.6e+08,3.08e+08,2.48e+08,2.36e+08,2.85e+08
"phenylpyruvate",3.2e+08,2.36e+08,3.34e+08,2.94e+08,2.65e+08,2.97e+08,1.91e+08,2.32e+08,2.46e+08,2.37e+08,3.01e+08,2.43e+08,2.61e+08,2.54e+08,2.73e+08,2.16e+08,2.26e+08,3.06e+08,2.6e+08,2.56e+08,2.41e+08,2.15e+08,2.28e+08,2.83e+08,2.8e+08,2.25e+08,2.25e+08,2.46e+08,2.44e+08,2.31e+08,2.6e+08,2.44e+08,2.61e+08,2.42e+08,2.6e+08,3.08e+08,2.48e+08,2.36e+08,2.85e+08
"Ribulose.5.phosphate",61700000,38800000,73400000,56600000,4.6e+07,61500000,39900000,40800000,46700000,42100000,57500000,41800000,41300000,39800000,46400000,34500000,42300000,52800000,38200000,46800000,40900000,40900000,41800000,43400000,46400000,40300000,41200000,42600000,41900000,40900000,48700000,39900000,51100000,49700000,45900000,55500000,42200000,42700000,57600000
"p.Hydroxyphenylacetic.acid",17500000,25100000,2962716,25500000,12500000,3.6e+07,28400000,3.9e+07,25700000,10600000,23400000,13500000,4531654,18800000,25500000,23200000,45400000,8438864,57300000,21500000,8782312,5930426,4314752,4932798,4784764,5430998,15800000,1623040,5430402,1486190,11400000,1963407,1537256,13100000,2083841,3409898,1131762,3869099,2159172
"Propionic.acid",226110.2,48738.92,224364.7,76278.21,52364.64,41870.68,49150.18,32714.86,31280.35,48442.68,58189.54,53872.58,53202.02,24007.71,15304.05,12929.59,11885.75,10497.58,60412.41,32194.46,59234.59,59490.39,106674,174658,163065.3,100965.5,73083.62,122847.2,81010.38,51911.57,141129.7,119367.6,116099.9,71194.04,211557.8,486403.2,131464.7,103627.4,113237.6
"UDP.N.acetylglucosamine",210046.8,143235.7,119547,145675.6,368375,115352.5,100966.7,122511.1,75060.54,34057.47,69289.48,62849.3,163378.9,111955.2,70499.88,62297.02,114290.9,275764.4,202238.6,141994,202534.4,20511.25,19112.48,291507.3,2996.276,37171.76,13499.23,24771.51,10222.86,58458.57,61014.81,139215.2,41296.87,26102.28,279007.3,186994.5,83481.79,39724.1,119738.8
"Trimethylamine",22227.75,16464.65,6503.305,6582.933,85492.99,8337.518,8351.103,21625.03,39590.85,34409.94,12866.48,11041,23604.01,5406.607,3350.33,58331.02,8172.076,15528.8,33784.85,38710.34,31388.87,5609.716,18705.18,139511.2,5572.393,10813.81,5694.883,41022.5,9605.971,12096.67,23806.53,80865.12,11908.64,8063.135,40658.08,108593.2,10003.2,8677.771,20054.79
"Shikimate.3.phosphate",365096.3,459178.9,116974.2,174756.7,1056917,176251.3,160309.1,260076.5,531140.2,667918.9,173868,172567.4,327775,145394.7,86083.7,428700.1,140895.8,149791.7,306314,241069.7,238095.1,162856.6,209844.9,1630045,105840.8,220645.5,124993.4,458671.5,340409.6,145581.9,201101.8,1223134,170892,114879.4,405597.9,1088814,241255.3,241647.7,226276.4
"Uridine",278801.2,61065.96,475952,186106.7,114402.314782609,55353.89,46790.33,114402.314782609,114402.314782609,114402.314782609,74493.05,89158.27,57340.22,18544.71,61158.09,114402.314782609,26194.87,114402.314782609,114402.314782609,114402.314782609,114402.314782609,114402.314782609,114402.314782609,114402.314782609,132071.8,86505.22,42947.07,114402.314782609,114402.314782609,39452.4,28092.96,114402.314782609,28345.8,114402.314782609,335039.2,299772.4,85269.97,83245.96,39551.17
"trans.Ferulic.acid",774102.8,1087176,256383.2,578242.7,16267.34,567936.1,634535.8,957825.5,882840.4,996083.5,683439,515598.8,1053304,568644.7,366592,509518.3,622836.8,1234190,1590630,1592694,1298550,368499.2,812323.2,5857484,224895.2,738931.9,366299.2,994897,592058.7,877847.2,1166437,2757206,418005,415845.1,2942576,3421680,1674209,1098910,1151774
"Urocanate",34600000,25800000,36200000,31700000,27900000,32400000,5.1e+07,31900000,27500000,21200000,36300000,25200000,23200000,25400000,29400000,22700000,19400000,28900000,1.2e+07,2.5e+07,23300000,19200000,33600000,21300000,4.3e+07,41300000,46600000,41300000,56400000,36500000,4.2e+07,38700000,42100000,28900000,18300000,27100000,2.5e+07,29100000,27400000
"UDP",2674872,2023260,2774097,2209612,2362277,2659359,1634928,2718032,2112482,1441884,2165975,1492965,2329976,1830742,1880184,1627528,2048026,2489879,2098893,2501484,2179634,1800885,1743215,2185174,2106422,1867701,2001403,1949612,1967230,1790016,2646556,2021574,2117901,2071170,2138399,3757623,2094556,1823067,2414363
"Sedheptulose.7.phosphate",74200000,59900000,7.4e+07,57100000,66900000,6.3e+07,49800000,59400000,54800000,4.1e+07,5e+07,41900000,50100000,54400000,59800000,50600000,59500000,80800000,6.5e+07,66800000,63300000,50100000,50600000,63800000,56200000,48100000,54800000,47500000,59300000,45600000,67200000,64700000,62900000,58100000,56400000,78500000,50600000,53600000,7.3e+07
"UTP",98100000,1.15e+08,1.1e+08,95500000,77900000,1.55e+08,1.18e+08,1.36e+08,95500000,1.04e+08,1.15e+08,1.1e+08,83100000,1.14e+08,1.16e+08,1.35e+08,1.03e+08,1.7e+08,1.35e+08,1.2e+08,1.39e+08,8.3e+07,8.3e+07,1.13e+08,82300000,81700000,88600000,69800000,79100000,66100000,85900000,65600000,64400000,73300000,8.8e+07,88300000,91100000,84200000,91200000
"Xanthosine",19900000,14100000,12400000,1.2e+07,19400000,16500000,9205231,10600000,10900000,6906122,7879180,7252520,10300000,10900000,11400000,16800000,1.1e+07,1.4e+07,12800000,10100000,14900000,12100000,14500000,2e+07,1.1e+07,6264292,8007630,15500000,11700000,10400000,1.3e+07,14900000,1.4e+07,12800000,17800000,24500000,16300000,9919609,17800000
"Lysine",4839126,4192108,5131597,4328553,4254725,3696765,4665052,866334.8,3991590,2555669,3702293,2523003,2378619,3291010,4546168,1285204,3163188,4285657,6683570,3639385,6345190,4959138,8262582,7113908,5356503,5224212,3096346,9957141,8253904,6666772,8267062,7430150,10400000,2878117,9030944,6515066,4200656,2476133,4971563
"Glutamine",43600000,34800000,38500000,32300000,46100000,34900000,22100000,19700000,25300000,19200000,17700000,17800000,24400000,25900000,27600000,25100000,26100000,28800000,23600000,20800000,33100000,27800000,32300000,42400000,25300000,17200000,20400000,30100000,28700000,26900000,28900000,38800000,34300000,31100000,40300000,41600000,24800000,2.4e+07,45100000
"X2.Hydroxyglutarate",251832.9,178869.5,254756.4,247825,162547.6,232689.4,331440.5,114086.1,165222.6,106046.6,140846.1,137114.5,147250.7,136989.4,105107.1,120536.7,161310.3,118612.3,92805.98,58149.43,150251.4,645069.1,667420.8,325968.4,509388.8,490213.8,453714.4,626689.3,259854.4,328104.4,345518.5,448419.1,388467,439312.6,428495,737402.3,424606.8,288765.5,405245.4
"X3.Hydroxyphenylacetic.acid",2096042,858037.6,525080.3,361788.4,1252729,444049.3,1031586,406793.5,335838.4,229187.9,282285,280190.2,721450.3,514685.3,706270.8,295101.4,380071.3,545969.4,583078.9,397489.4,240599.2,1276349,584961.2,1942009,1651045,1411986,1306257,1002981,1455767,1962345,1401943,1469370,1060965,1505218,3572886,3457006,2516134,1068702,889109.4
"D.Glutamic.acid",34814.39,4870.7,54680.98,52039.57,58364.42,16243.59,41022.0180833333,25871.06,37310.48,26617.14,43071.9,21790.28,17172.71,41406.35,16733.93,41399.26,18406.15,63299.86,46247.54,123574.1,163191.2,28056.91,23270.38,31782.02,30043.91,41022.0180833333,27619.65,27949.72,7257.751,11678.68,44672.95,45758.92,38716.32,27548.85,41022.0180833333,58342.86,46400.8,56074.68,64512.64
